sweep,param,x,x2,seed,scheme,utility,utility_per_user,regret,switch_rate,bits,utility_per_bit,loss,cvar,violation_rate,fb_share
default,,,,1000,Exact,1.8053654422422754,0.22567068028028442,0.014349382607280881,0.23217105263157894,94.33263157894737,0.019138291935928423,1.1821696745678199,2.4708527819897004,0.9636842105263158,0.23217105263157894
default,,,,1000,Optimised,1.4663726067492362,0.18329657584365452,0.2991802019327406,0.15578947368421053,256.0,0.005728017995114204,1.5211625100608592,2.9746664591160235,0.9810526315789474,0.3655263157894737
default,,,,1000,Proposed,1.438556545963122,0.17981956824539025,0.2973011720184804,0.15296052631578946,256.0,0.005619361507668445,1.5489785708469732,3.034000164739782,0.9776315789473684,0.3646052631578947
default,,,,1000,Baseline,1.6590837803028435,0.20738547253785544,0.12008567123572814,0.22513157894736843,256.0,0.0064807960168079826,1.328451336507252,2.7671905953157125,0.966842105263158,0.5
default,,,,1000,prediction_only,0.5604923230584768,0.0700615403823096,0.7206056522589006,0.0,0.0,,2.4270427937516184,4.111369390210274,0.9981578947368421,0.0
default,,,,1000,importance_only,1.5855509662113003,0.19819387077641254,0.2214916340838084,0.10546052631578948,256.0,0.006193558461762892,1.401984150598795,2.882312622428202,0.966842105263158,0.25
default,,,,1000,snr_threshold,1.2851930576213395,0.16064913220266744,0.3164120842292631,0.20111842105263159,256.0,0.0050202853813333575,1.7023420591887555,3.257702189639551,0.983421052631579,0.5
default,,,,1000,full_feedback,1.7798132677326755,0.22247665846658443,0.03993362063267675,0.33631578947368423,1024.0,0.0017380988942701909,1.2077218490774195,2.523089830328595,0.9639473684210527,1.0
default,,,,1000,Proposed_no_confidence,1.1920536668895898,0.14900670836119873,0.3674680987403058,0.14519736842105263,256.0,0.00465645963628746,1.7954814499205052,3.429986945967094,0.9768421052631578,0.3678947368421053
default,,,,1000,Proposed_no_importance,1.1094113645169164,0.13867642056461454,0.42393539008727155,0.1367763157894737,256.0,0.0043336381426442045,1.878123752293179,3.5132322535988534,0.9839473684210527,0.3373684210526316
default,,,,1001,Exact,1.731231901264171,0.21640398765802138,0.016851685646996704,0.2513815789473684,101.79368421052632,0.01700726243176045,1.2571302227730667,2.620723678136309,0.9644736842105263,0.2513815789473684
default,,,,1001,Optimised,1.0730611013396074,0.13413263766745093,0.41579465895939083,0.14598684210526316,256.0,0.0041916449271078415,1.9153010226976301,3.563312736438105,0.9844736842105263,0.34098684210526314
default,,,,1001,Proposed,1.3426748091782386,0.16783435114727982,0.3074628833227006,0.17203947368421052,256.0,0.005244823473352494,1.645687314858999,3.270106274352275,0.9781578947368421,0.37282894736842104
default,,,,1001,Baseline,1.5755128510544714,0.19693910638180892,0.13216296570468095,0.24743421052631578,256.0,0.006154347074431529,1.4128492729827662,2.892890276624893,0.9678947368421053,0.5
default,,,,1001,prediction_only,0.28560402231742243,0.035700502789677804,0.7492178474273327,0.0,0.0,,2.702758101719815,4.6119984761858595,0.9928947368421053,0.0
default,,,,1001,importance_only,1.4689538651093048,0.1836192331386631,0.25717132593960335,0.11578947368421053,256.0,0.005738101035583222,1.519408258927933,3.0666937577505213,0.9723684210526315,0.25
default,,,,1001,snr_threshold,1.2047807583448966,0.15059759479311208,0.3522023054994815,0.21585526315789474,256.0,0.004706174837284752,1.7835813656923412,3.4171017085451347,0.9813157894736843,0.5
default,,,,1001,full_feedback,1.7021851489786748,0.21277314362233435,0.04700331991275771,0.36427631578947367,1024.0,0.001662290184549487,1.2861769750585628,2.676673491403858,0.965,1.0
default,,,,1001,Proposed_no_confidence,1.0500836893377243,0.13126046116721554,0.43330645531136197,0.17809210526315788,256.0,0.004101889411475486,1.9382784346995137,3.6016110750056582,0.9852631578947368,0.40651315789473685
default,,,,1001,Proposed_no_importance,1.0188425175334892,0.12735531469168615,0.44796408905029883,0.15236842105263157,256.0,0.003979853584115192,1.9695196065037486,3.715532231024674,0.9855263157894737,0.3468421052631579
default,,,,1002,Exact,1.7257682392179963,0.21572102990224953,0.01767883453958708,0.25026315789473685,102.73684210526316,0.01679794904976533,1.2752381479130002,2.620531050558402,0.9613157894736842,0.25026315789473685
default,,,,1002,Optimised,1.332336680226316,0.1665420850282895,0.3330254755188773,0.16565789473684212,256.0,0.0052044401571340465,1.6686697069046803,3.332207423024716,0.9821052631578947,0.3659210526315789
default,,,,1002,Proposed,1.349787708874194,0.16872346360927426,0.32043920866612563,0.17269736842105263,256.0,0.005272608237789821,1.6512186782568017,3.281983382075786,0.9815789473684211,0.3773684210526316
default,,,,1002,Baseline,1.5584610205570695,0.19480762756963368,0.13817176905045334,0.24769736842105264,256.0,0.006087738361551053,1.4425453665739267,2.9219802587006867,0.9639473684210527,0.5
default,,,,1002,prediction_only,0.3395303770377915,0.042441297129723936,0.7455971710641429,0.0,0.0,,2.6614760100932044,4.685946666565714,0.9939473684210526,0.0
default,,,,1002,importance_only,1.4694633134966046,0.18368291418707558,0.2486869691329156,0.11710526315789474,256.0,0.005740091068346112,1.5315430736343916,3.1200846326630143,0.9681578947368421,0.25
default,,,,1002,snr_threshold,1.0999149089682903,0.13748936362103628,0.38764821837489677,0.21947368421052632,256.0,0.004296542613157384,1.9010914781627062,3.5457871204323554,0.9863157894736843,0.5
default,,,,1002,full_feedback,1.6956414489557743,0.21195518111947179,0.04517818146306644,0.3624342105263158,1024.0,0.0016558998524958733,1.305364938175222,2.702766797591136,0.9613157894736842,1.0
default,,,,1002,Proposed_no_confidence,0.8907617900097787,0.11134522375122234,0.4894950035266008,0.1531578947368421,256.0,0.003479538242225698,2.110244597121217,4.059492166331276,0.9857894736842105,0.37144736842105264
default,,,,1002,Proposed_no_importance,1.1026967294033894,0.13783709117542367,0.41317588778207437,0.15052631578947367,256.0,0.00430740909923199,1.8983096577276068,3.6776442193889123,0.9955263157894737,0.34578947368421054
default,,,,1003,Exact,1.806907984887754,0.22586349811096926,0.014176476070255814,0.21921052631578947,89.07789473684211,0.020284583400020872,1.2531244448989742,2.5596620265526657,0.9460526315789474,0.21921052631578947
default,,,,1003,Optimised,1.447208403216085,0.18090105040201063,0.29516955473380346,0.14703947368421053,256.0,0.005653157825062832,1.612824026570643,3.1016916542418485,0.9765789473684211,0.35519736842105265
default,,,,1003,Proposed,1.4878305016484152,0.1859788127060519,0.2789653801883809,0.14638157894736842,256.0,0.005811837897064122,1.5722019281383133,3.0880275385699667,0.9742105263157895,0.3507236842105263
default,,,,1003,Baseline,1.6727796479947878,0.20909745599934848,0.11829664335683336,0.21572368421052632,256.0,0.00653429549997964,1.3872527817919407,2.8285981215410687,0.9476315789473684,0.5
default,,,,1003,prediction_only,0.8849159670533857,0.11061449588167321,0.5573427580772633,0.0,0.0,,2.1751164627333424,3.8075067696186378,0.9997368421052631,0.0
default,,,,1003,importance_only,1.6033413267647867,0.20041766584559834,0.21829621363776566,0.10269736842105263,256.0,0.006263052057674948,1.4566911030219418,2.929505296168186,0.9502631578947368,0.25
default,,,,1003,snr_threshold,1.4643770473390532,0.18304713091738165,0.2493142303825993,0.20144736842105262,256.0,0.005720222841168176,1.5956553824476756,3.1752689026472343,0.9563157894736842,0.5
default,,,,1003,full_feedback,1.7811337134035174,0.22264171417543968,0.04067995813968809,0.3180921052631579,1024.0,0.0017393883919956225,1.278898716383211,2.619191438520998,0.9465789473684211,1.0
default,,,,1003,Proposed_no_confidence,1.282701704676205,0.16033771308452563,0.3457008733979974,0.1505921052631579,256.0,0.005010553533891426,1.7773307251105235,3.335847675500552,0.9771052631578947,0.3948684210526316
default,,,,1003,Proposed_no_importance,1.3703577074910835,0.17129471343638544,0.30677761176067175,0.1405921052631579,256.0,0.005352959794887045,1.689674722295645,3.2182074087807595,0.9773684210526316,0.34592105263157896
default,,,,1004,Exact,1.7474676798833826,0.21843345998542282,0.018059737340948488,0.2534868421052632,103.17473684210526,0.016936972493156358,1.297773910463806,2.602018787100957,0.9757894736842105,0.2534868421052632
default,,,,1004,Optimised,1.2978631519161903,0.16223289398952379,0.33193241862897227,0.1655263157894737,256.0,0.005069777937172618,1.7473784384309985,3.3694561872385833,0.9878947368421053,0.35927631578947367
default,,,,1004,Proposed,1.2466835441864694,0.15583544302330868,0.34965997601996907,0.15828947368421054,256.0,0.004869857594478396,1.798558046160719,3.483665174549481,0.9863157894736843,0.3561184210526316
default,,,,1004,Baseline,1.595188579779158,0.19939857247239476,0.13727697660642776,0.24717105263157896,256.0,0.006231205389762336,1.4500530105680307,2.9004012849456573,0.9768421052631578,0.5
default,,,,1004,prediction_only,0.48934638578060435,0.061168298222575544,0.814252522006713,0.0,0.0,,2.5558952045665846,4.35293882336523,1.0,0.0
default,,,,1004,importance_only,1.4971398193883514,0.18714247742354392,0.2528590399915057,0.11342105263157895,256.0,0.005848202419485748,1.5481017709588372,3.077116323863757,0.9773684210526316,0.25
default,,,,1004,snr_threshold,1.1510523345572117,0.14388154181965146,0.3780091093893604,0.22131578947368422,256.0,0.004496298181864108,1.8941892557899769,3.556066683213005,0.9821052631578947,0.5
default,,,,1004,full_feedback,1.720293595081942,0.21503669938524275,0.044683813348000076,0.35986842105263156,1024.0,0.001679974213947209,1.3249479952652465,2.6478382196574066,0.9757894736842105,1.0
default,,,,1004,Proposed_no_confidence,0.7631600011276695,0.09539500014095868,0.5208224491471464,0.16046052631578947,256.0,0.002981093754404959,2.282081589219519,4.0717838079814594,0.9876315789473684,0.38710526315789473
default,,,,1004,Proposed_no_importance,1.189854136646331,0.1487317670807914,0.39798316985971005,0.14861842105263157,256.0,0.004647867721274731,1.8553874537008572,3.4200828890800663,0.9926315789473684,0.3460526315789474
default,,,,1005,Exact,1.6609612413744153,0.2076201551718019,0.01806534855383308,0.2530263157894737,102.50105263157894,0.016204333504207347,1.2917474758007295,2.677461007286255,0.983421052631579,0.2530263157894737
default,,,,1005,Optimised,1.2387494961659347,0.15484368702074183,0.3329061312893021,0.16105263157894736,256.0,0.004838865219398182,1.71395922100921,3.2966345972261486,0.99,0.3542105263157895
default,,,,1005,Proposed,1.3249720218250876,0.16562150272813594,0.31308474327472585,0.1688157894736842,256.0,0.005175671960254248,1.6277366953500572,3.219980892799607,0.9936842105263158,0.36447368421052634
default,,,,1005,Baseline,1.5095458317715877,0.18869322897144847,0.1343981387053042,0.24802631578947368,256.0,0.005896663405357765,1.4431628854035567,2.976404552728109,0.9836842105263158,0.5
default,,,,1005,prediction_only,0.5733629976063688,0.0716703747007961,0.7832244373080103,0.0,0.0,,2.379345719568776,4.158392469245509,1.0,0.0
default,,,,1005,importance_only,1.4132416487425221,0.17665520609281526,0.25746391805804497,0.11802631578947369,256.0,0.005520475190400477,1.5394670684326226,3.1524560114096687,0.9852631578947368,0.25
default,,,,1005,snr_threshold,0.9017093326614344,0.1127136665826793,0.4014156115646517,0.22723684210526315,256.0,0.003522302080708728,2.05099938451371,3.706204508790907,0.9842105263157894,0.5
default,,,,1005,full_feedback,1.6314723153716781,0.20393403942145977,0.04677746386834928,0.37414473684210525,1024.0,0.0015932346829801544,1.3212364018034666,2.738660156012136,0.983421052631579,1.0
default,,,,1005,Proposed_no_confidence,1.1709491978898223,0.1463686497362278,0.3796780162015429,0.17467105263157895,256.0,0.0045740203042571185,1.7817595192853224,3.3935103646528155,0.995,0.3948684210526316
default,,,,1005,Proposed_no_importance,1.106315928686723,0.13828949108584038,0.4017419387150056,0.15848684210526315,256.0,0.004321546596432512,1.8463927884884217,3.4776647679130686,0.9955263157894737,0.3474342105263158
default,,,,1006,Exact,1.802839922047982,0.22535499025599776,0.014827500656024313,0.23125,93.25473684210526,0.01933242195622159,1.1840677903765382,2.46455984181153,0.9507894736842105,0.23125
default,,,,1006,Optimised,1.385616317720893,0.17320203971511164,0.3545668590684956,0.1568421052631579,256.0,0.005412563741097239,1.6012913947036271,3.0297243729382095,0.9905263157894737,0.3625
default,,,,1006,Proposed,1.4410727489311863,0.1801340936163983,0.2785481607882808,0.15901315789473683,256.0,0.0056291904255124465,1.5458349634933337,3.025657421898788,0.9610526315789474,0.37335526315789475
default,,,,1006,Baseline,1.659760170863515,0.20747002135793938,0.12190334409554111,0.22855263157894737,256.0,0.0064834381674356055,1.3271475415610052,2.7184166363774604,0.953421052631579,0.5
default,,,,1006,prediction_only,0.6937941623659234,0.08672427029574042,0.5872918307729434,0.0,0.0,,2.2931135500585964,4.038054667579697,0.9771052631578947,0.0
default,,,,1006,importance_only,1.5672551979867062,0.19590689974833828,0.22923089370035554,0.10355263157894737,256.0,0.006122090617135571,1.4196525144378136,2.8729260757310384,0.9547368421052631,0.25
default,,,,1006,snr_threshold,1.252789655098296,0.156598706887287,0.3209889402135164,0.20460526315789473,256.0,0.004893709590227719,1.7341180573262238,3.348757480505524,0.9573684210526315,0.5
default,,,,1006,full_feedback,1.7772534166144163,0.22215667707680203,0.040302224275746305,0.3319736842105263,1024.0,0.0017355990396625159,1.2096542958101038,2.501231569518583,0.9510526315789474,1.0
default,,,,1006,Proposed_no_confidence,1.1685011870234625,0.1460626483779328,0.3919477090717933,0.1367763157894737,256.0,0.0045644577618104,1.8184065254010575,3.387948780447908,0.9773684210526316,0.3656578947368421
default,,,,1006,Proposed_no_importance,1.1275791820960057,0.14094739776200071,0.42357936709608746,0.13453947368421051,256.0,0.004404606180062522,1.8593285303285143,3.5022996973057285,0.9847368421052631,0.3355921052631579
default,,,,1007,Exact,1.7016309679582864,0.2127038709947858,0.017432356096278582,0.24736842105263157,101.37263157894736,0.01678590110026969,1.1997538683192939,2.511288325853709,0.9576315789473684,0.24736842105263157
default,,,,1007,Optimised,1.3152529935640838,0.16440662419551047,0.330146807455792,0.1725657894736842,256.0,0.005137707006109702,1.5861318427134963,3.1701083657602034,0.9828947368421053,0.3667105263157895
default,,,,1007,Proposed,1.3534742385134646,0.16918427981418308,0.293062458575521,0.1748684210526316,256.0,0.005287008744193221,1.5479105977641154,3.1196821502497514,0.9813157894736843,0.3746052631578947
default,,,,1007,Baseline,1.5525798686677856,0.1940724835834732,0.13133604656993497,0.24947368421052632,256.0,0.006064765111983538,1.3488049676097944,2.7789405243801433,0.9615789473684211,0.5
default,,,,1007,prediction_only,0.3607888812110129,0.04509861015137661,0.7864355383917118,0.0,0.0,,2.5405959550665678,4.561799722700276,0.9881578947368421,0.0
default,,,,1007,importance_only,1.4471489761543987,0.18089362201929984,0.25714326972723756,0.1125,256.0,0.00565292568810312,1.4542358601231813,2.967289561376591,0.9665789473684211,0.25
default,,,,1007,snr_threshold,1.1386897292376321,0.14233621615470402,0.34710040252734703,0.22210526315789475,256.0,0.0044480067548345005,1.762695107039948,3.3831182108373365,0.9739473684210527,0.5
default,,,,1007,full_feedback,1.6695069313544613,0.20868836641930766,0.04523335043571253,0.3568421052631579,1024.0,0.001630377862650841,1.231877904923119,2.5763659929768337,0.9578947368421052,1.0
default,,,,1007,Proposed_no_confidence,0.9628223102623468,0.12035278878279335,0.4531013595727443,0.16322368421052633,256.0,0.003761024649462292,1.9385625260152335,3.762448119062465,0.9797368421052631,0.3788157894736842
default,,,,1007,Proposed_no_importance,1.1556905412056915,0.14446131765071143,0.3794059453715383,0.15328947368421053,256.0,0.004514416176584732,1.7456942950718886,3.4444393978168626,0.9813157894736843,0.34901315789473686
default,,,,1008,Exact,1.7393097037035017,0.2174137129629377,0.01788784303503588,0.24717105263157896,99.73894736842105,0.017438621016108647,1.2497830813096416,2.4819245484134207,0.9552631578947368,0.24717105263157896
default,,,,1008,Optimised,1.2522756234392072,0.1565344529299009,0.34176312526817726,0.15677631578947368,256.0,0.004891701654059403,1.7368171615739356,3.332882916806513,0.9705263157894737,0.36223684210526313
default,,,,1008,Proposed,1.3268448520464138,0.16585560650580172,0.33665251537742674,0.16006578947368422,256.0,0.005182987703306304,1.6622479329667295,3.1479624484947206,0.9771052631578947,0.3620394736842105
default,,,,1008,Baseline,1.5919829311788347,0.19899786639735434,0.12922599285702466,0.23848684210526316,256.0,0.006218683324917323,1.3971098538343085,2.716872722618928,0.9568421052631579,0.5
default,,,,1008,prediction_only,0.5134793417663195,0.06418491772078994,0.7507884389993759,0.0,0.0,,2.4756134432468238,4.265794869577701,0.9878947368421053,0.0
default,,,,1008,importance_only,1.472249988668561,0.18403124858357012,0.2719091328121913,0.11519736842105263,256.0,0.005750976518236566,1.516842796344582,2.955305182554072,0.9576315789473684,0.25
default,,,,1008,snr_threshold,1.0183690967445038,0.12729613709306298,0.40199387011888216,0.21855263157894736,256.0,0.003978004284158218,1.9707236882686392,3.583426563953598,0.9757894736842105,0.5
default,,,,1008,full_feedback,1.711239104723674,0.21390488809045924,0.04716073871974619,0.35855263157894735,1024.0,0.0016711319382067128,1.2778536802894696,2.5264235509666912,0.9552631578947368,1.0
default,,,,1008,Proposed_no_confidence,0.9848872651252281,0.12311090814065351,0.4365126064561972,0.17407894736842106,256.0,0.003847215879395422,2.004205519887915,3.7074965324208167,0.9826315789473684,0.40019736842105263
default,,,,1008,Proposed_no_importance,1.22931285867759,0.15366410733469876,0.373473610666005,0.1575,256.0,0.004802003354209336,1.759779926335553,3.3057952443809655,0.9736842105263158,0.3631578947368421
default,,,,1009,Exact,1.788527786268095,0.22356597328351188,0.016963341307170237,0.24427631578947367,99.58736842105263,0.01795938395225235,1.198409611457126,2.4992770791119336,0.9139473684210526,0.24427631578947367
default,,,,1009,Optimised,1.3437752642216512,0.1679719080277064,0.3531955970631364,0.16592105263157894,256.0,0.005249122125865825,1.6431621335035695,3.1425944874283287,0.9807894736842105,0.36473684210526314
default,,,,1009,Proposed,1.3577067122216129,0.1697133390277016,0.3374605222120756,0.17105263157894737,256.0,0.005303541844615675,1.6292306855036076,3.165989058108714,0.9726315789473684,0.3725
default,,,,1009,Baseline,1.6358611016058635,0.20448263770073294,0.1283026566473793,0.23625,256.0,0.006390082428147904,1.3510762961193574,2.746103204447562,0.9205263157894736,0.5
default,,,,1009,prediction_only,0.3600400610350058,0.045005007629375725,0.7154239369257064,0.0,0.0,,2.6268973366902153,4.38438043588281,0.9278947368421052,0.0
default,,,,1009,importance_only,1.5394881414169945,0.19243601767712432,0.24215285456662364,0.10526315789473684,256.0,0.006013625552410135,1.4474492563082266,2.9448745762667947,0.9244736842105263,0.25
default,,,,1009,snr_threshold,1.2478692392895057,0.1559836549111882,0.32103055466657404,0.20782894736842106,256.0,0.0048744892159746315,1.739068158435715,3.2750234694811526,0.9271052631578948,0.5
default,,,,1009,full_feedback,1.761759556988904,0.220219944623613,0.04288974856607558,0.3458552631578947,1024.0,0.0017204683173719765,1.2251778407363167,2.5451753544505857,0.9142105263157895,1.0
default,,,,1009,Proposed_no_confidence,0.9914563411428398,0.12393204264285497,0.43532940395550407,0.16125,256.0,0.003872876332589218,1.995481056582381,3.6346915036090586,0.9697368421052631,0.38651315789473684
default,,,,1009,Proposed_no_importance,1.2598820446917953,0.15748525558647442,0.3655273629817797,0.16835526315789473,256.0,0.0049214142370773255,1.7270553530334254,3.2831470132534317,0.9742105263157895,0.36467105263157895
