x,scheme,mean,half,seeds_reaching
3,Exact,0.05,0.0,10
3,Optimised,0.07768300186581241,0.005361041385042795,10
3,Proposed,0.07670331744572484,0.004634833143519807,10
3,Baseline,0.16707034993649644,0.01729521241660993,10
10,Exact,0.05,0.0,10
10,Optimised,0.08529682009693763,0.0027588477850420423,10
10,Proposed,0.09238862606962123,0.0025799440140537046,10
10,Baseline,0.16837124961268823,0.015292291213724045,10
20,Exact,0.05,0.0,10
20,Optimised,0.27040995929282646,0.00463810188006795,10
20,Proposed,0.2697191141847533,0.007351728617132027,10
20,Baseline,0.18314088236955492,0.005289451768072287,10
30,Exact,0.05,0.0,10
30,Optimised,0.5015592810945738,0.07311510041055785,10
30,Proposed,0.2883105485416082,0.001948480232680277,10
30,Baseline,0.21423683089838821,0.011644977984041373,10
40,Exact,0.05,0.0009561628331198384,10
40,Optimised,0.5749210976110637,0.035637116831215176,10
40,Proposed,0.5205267147438825,0.045451416202892066,10
40,Baseline,0.29228326101147895,0.011446572351340941,10
60,Exact,0.07262931559555731,0.0028157767896011257,10
60,Optimised,0.6136420663712117,0.03172827126739691,10
60,Proposed,0.5656114085193622,0.02181259038783618,10
60,Baseline,0.38410212576069946,0.008063522784726213,10
