K,seed,solver,seconds_per_decision
2,0,DP,3.478614000414382e-05
2,0,Greedy,2.7673960003085084e-05
2,0,Baseline,1.5257700006259256e-05
2,0,Brute force,1.3587299999926472e-05
4,0,DP,6.420691999664996e-05
4,0,Greedy,4.430282000612351e-05
4,0,Baseline,1.545277999866812e-05
4,0,Brute force,2.5025540007845848e-05
6,0,DP,9.114292000049318e-05
6,0,Greedy,6.095308000112709e-05
6,0,Baseline,1.3421879993984475e-05
6,0,Brute force,0.0002696994000052655
8,0,DP,0.0001536190400020132
8,0,Greedy,0.00010961005999888584
8,0,Baseline,1.9730919993889985e-05
8,0,Brute force,0.006474102500005756
10,0,DP,0.00016862604000380087
10,0,Greedy,0.00011148696000418568
10,0,Baseline,1.5676240000175312e-05
10,0,Brute force,0.1596288724599981
12,0,DP,0.00019845281999550935
12,0,Greedy,0.00012168193999968935
12,0,Baseline,1.5619420000803075e-05
16,0,DP,0.0002406514399990556
16,0,Greedy,0.00015126684000279055
16,0,Baseline,1.3576880000982783e-05
2,1,DP,3.029292000064743e-05
2,1,Greedy,2.4128940003720346e-05
2,1,Baseline,1.3202919999457663e-05
2,1,Brute force,1.2587879991770023e-05
4,1,DP,6.234143999790831e-05
4,1,Greedy,4.439759999513626e-05
4,1,Baseline,1.4103459998295875e-05
4,1,Brute force,2.6693079998949543e-05
6,1,DP,9.149526000328479e-05
6,1,Greedy,6.735374000527372e-05
6,1,Baseline,1.510979999693518e-05
6,1,Brute force,0.0003105838600004063
8,1,DP,0.00014040936000128568
8,1,Greedy,9.450935999666399e-05
8,1,Baseline,1.740933999826666e-05
8,1,Brute force,0.006082310680003502
10,1,DP,0.00016678433999913977
10,1,Greedy,0.00010498163999727694
10,1,Baseline,1.6132040000229607e-05
10,1,Brute force,0.16076121932000206
12,1,DP,0.00023145950000071026
12,1,Greedy,0.00014056985999559403
12,1,Baseline,1.7270580001422787e-05
16,1,DP,0.00027770669999881647
16,1,Greedy,0.00016406249999818102
16,1,Baseline,1.5132439993976732e-05
2,2,DP,3.3730119994288544e-05
2,2,Greedy,2.7163479999217088e-05
2,2,Baseline,1.3745360001848895e-05
2,2,Brute force,1.3325480003913982e-05
4,2,DP,6.314211999779218e-05
4,2,Greedy,4.4114579995948585e-05
4,2,Baseline,1.395977999891329e-05
4,2,Brute force,2.6386640001874184e-05
6,2,DP,9.14377000026434e-05
6,2,Greedy,6.528142000206572e-05
6,2,Baseline,1.4684359994134866e-05
6,2,Brute force,0.00029038138000032633
8,2,DP,0.00012186831999315473
8,2,Greedy,8.000128000276163e-05
8,2,Baseline,1.486696000029042e-05
8,2,Brute force,0.006333541200001491
10,2,DP,0.0001590005599973665
10,2,Greedy,0.00010747702000116987
10,2,Baseline,1.6771259997767628e-05
10,2,Brute force,0.16016328540000357
12,2,DP,0.00020691260000603505
12,2,Greedy,0.00015643810000256052
12,2,Baseline,1.820815999963088e-05
16,2,DP,0.0002892145399982837
16,2,Greedy,0.00016927044000112802
16,2,Baseline,1.6051960001277623e-05
2,3,DP,3.590475999772025e-05
2,3,Greedy,2.960845999950834e-05
2,3,Baseline,1.639252000131819e-05
2,3,Brute force,1.6367019998142496e-05
4,3,DP,7.930306000162091e-05
4,3,Greedy,6.132643999990251e-05
4,3,Baseline,2.109327999278321e-05
4,3,Brute force,4.6920920003685753e-05
6,3,DP,0.00015614205999554543
6,3,Greedy,0.00010193533999881765
6,3,Baseline,2.084625999486889e-05
6,3,Brute force,0.00031858752000516686
8,3,DP,0.00015031451999675483
8,3,Greedy,9.75671199921635e-05
8,3,Baseline,1.7961020002985606e-05
8,3,Brute force,0.0066733121600009325
10,3,DP,0.0002794279399950028
10,3,Greedy,0.00020071783999810576
10,3,Baseline,2.4632519998704083e-05
10,3,Brute force,0.19949245737999263
12,3,DP,0.00022075701999710873
12,3,Greedy,0.00013252087999717331
12,3,Baseline,1.716579999992973e-05
16,3,DP,0.00025592305999452944
16,3,Greedy,0.0001602657600051316
16,3,Baseline,1.517126000180724e-05
2,4,DP,3.38308199934545e-05
2,4,Greedy,2.7981679995718877e-05
2,4,Baseline,1.5159120002863347e-05
2,4,Brute force,1.4888400000927504e-05
4,4,DP,7.024944000477262e-05
4,4,Greedy,4.787954000676109e-05
4,4,Baseline,1.5184339999905206e-05
4,4,Brute force,2.735890000622021e-05
6,4,DP,9.755097999914142e-05
6,4,Greedy,6.678341999759141e-05
6,4,Baseline,1.5903439998510293e-05
6,4,Brute force,0.00028975178000109733
8,4,DP,0.00012639801999284828
8,4,Greedy,8.50165200063202e-05
8,4,Baseline,1.5136680003706715e-05
8,4,Brute force,0.0060686171399993325
10,4,DP,0.00019953095999881044
10,4,Greedy,0.00013914004000071146
10,4,Baseline,2.0546460000332445e-05
10,4,Brute force,0.21283288128000094
12,4,DP,0.00044805524000366857
12,4,Greedy,0.0002452348799943138
12,4,Baseline,4.0637739994053844e-05
16,4,DP,0.0006806541799960541
16,4,Greedy,0.0005080511600044701
16,4,Baseline,3.843008000330883e-05
2,5,DP,8.299382000586774e-05
2,5,Greedy,6.55650400040031e-05
2,5,Baseline,3.770739999708894e-05
2,5,Brute force,3.480162000414566e-05
4,5,DP,0.00016101598000204832
4,5,Greedy,0.0001292734799972095
4,5,Baseline,3.668719999950554e-05
4,5,Brute force,6.854596000266611e-05
6,5,DP,0.0002348926000013307
6,5,Greedy,0.00020866288000433996
6,5,Baseline,3.909807999662007e-05
6,5,Brute force,0.0007668829600061144
8,5,DP,0.0003129547400021693
8,5,Greedy,0.00020467094000196085
8,5,Baseline,3.086459999394719e-05
8,5,Brute force,0.013630508440000995
10,5,DP,0.00019293594000373558
10,5,Greedy,0.0001241976999972394
10,5,Baseline,2.1401679996415625e-05
10,5,Brute force,0.18880837820000124
12,5,DP,0.00022035541999684938
12,5,Greedy,0.00012681295999755093
12,5,Baseline,1.6875040000741137e-05
16,5,DP,0.00024681146000148145
16,5,Greedy,0.00015261692000422043
16,5,Baseline,1.4505460003420012e-05
2,6,DP,3.20753199957835e-05
2,6,Greedy,2.6617559997248462e-05
2,6,Baseline,1.387518000228738e-05
2,6,Brute force,1.334904000032111e-05
4,6,DP,6.0913280003660474e-05
4,6,Greedy,4.3005059997085485e-05
4,6,Baseline,1.330393999523949e-05
4,6,Brute force,2.510541999981797e-05
6,6,DP,8.688034000442713e-05
6,6,Greedy,6.00012599988986e-05
6,6,Baseline,1.3816620003126445e-05
6,6,Brute force,0.00027487339999424874
8,6,DP,0.0001196901599996636
8,6,Greedy,7.741671999610843e-05
8,6,Baseline,1.4766399999643909e-05
8,6,Brute force,0.006978871300007085
10,6,DP,0.0001591291199929401
10,6,Greedy,0.00010103067999807536
10,6,Baseline,1.5636019998055418e-05
10,6,Brute force,0.18552168051999615
12,6,DP,0.0003538753799966798
12,6,Greedy,0.00018912927999735984
12,6,Baseline,2.4783899998510606e-05
16,6,DP,0.00039654947999224533
16,6,Greedy,0.0003433306000079028
16,6,Baseline,3.2314119998773094e-05
2,7,DP,7.354215999839653e-05
2,7,Greedy,5.8610719997886916e-05
2,7,Baseline,2.558097999099118e-05
2,7,Brute force,2.41969800026709e-05
4,7,DP,8.725024000341363e-05
4,7,Greedy,5.91333600004873e-05
4,7,Baseline,1.789291999557463e-05
4,7,Brute force,3.373135999936494e-05
6,7,DP,0.0001118369000050734
6,7,Greedy,7.175958000516403e-05
6,7,Baseline,1.636537999729626e-05
6,7,Brute force,0.0003247278799972264
8,7,DP,0.0001393884800017986
8,7,Greedy,8.733438000490423e-05
8,7,Baseline,1.6194079998967938e-05
8,7,Brute force,0.0066124784799922055
10,7,DP,0.00016801256000690046
10,7,Greedy,0.00010347039999942354
10,7,Baseline,1.537050000479212e-05
10,7,Brute force,0.22444537354000205
12,7,DP,0.0002123860999927274
12,7,Greedy,0.00013607973999569368
12,7,Baseline,1.7121720002251096e-05
16,7,DP,0.00028679920000286075
16,7,Greedy,0.00021562507999988155
16,7,Baseline,2.09543599976314e-05
2,8,DP,4.6823840002616634e-05
2,8,Greedy,3.4062320000884935e-05
2,8,Baseline,1.8424459995003417e-05
2,8,Brute force,1.6585979992669308e-05
4,8,DP,8.251552000729134e-05
4,8,Greedy,5.444415999591001e-05
4,8,Baseline,1.867590000074415e-05
4,8,Brute force,3.617573999690649e-05
6,8,DP,0.00011376522000318801
6,8,Greedy,7.388366000668611e-05
6,8,Baseline,1.6615479999018135e-05
6,8,Brute force,0.00032443938000142224
8,8,DP,0.00013310326000464556
8,8,Greedy,8.906984000532247e-05
8,8,Baseline,1.6063620005297708e-05
8,8,Brute force,0.013322843659998397
10,8,DP,0.000190141359998961
10,8,Greedy,0.00012250149999999847
10,8,Baseline,1.8012739992627758e-05
10,8,Brute force,0.1849086599600014
12,8,DP,0.0004519042599986278
12,8,Greedy,0.00029982497999299086
12,8,Baseline,3.732113999831199e-05
16,8,DP,0.0005987025600006745
16,8,Greedy,0.0003489186799924937
16,8,Baseline,2.1285840002747136e-05
2,9,DP,4.544420000456739e-05
2,9,Greedy,3.485243999421073e-05
2,9,Baseline,1.85451200013631e-05
2,9,Brute force,1.8993280000358937e-05
4,9,DP,9.645117999752984e-05
4,9,Greedy,9.235401999831083e-05
4,9,Baseline,3.091077999670233e-05
4,9,Brute force,5.996829999276088e-05
6,9,DP,0.0002273321000029682
6,9,Greedy,0.00015531082000052264
6,9,Baseline,3.7106319996382806e-05
6,9,Brute force,0.0006378043000040634
8,9,DP,0.00012866424000094413
8,9,Greedy,8.04554200021812e-05
8,9,Baseline,1.4197580003383337e-05
8,9,Brute force,0.006380535839998629
10,9,DP,0.0002058775000023161
10,9,Greedy,0.00014398461999917344
10,9,Baseline,2.2192520000317017e-05
10,9,Brute force,0.19832012417999978
12,9,DP,0.0003458444599982613
12,9,Greedy,0.00014465911999650416
12,9,Baseline,2.1446419996209443e-05
16,9,DP,0.0005033838199960883
16,9,Greedy,0.00020323781999650236
16,9,Baseline,1.701481999589305e-05
